photo,equipement,defaut_probable,p_defaut,gravite,score,priorite,boite
280-1_DJI_0492.jpg,vari-grip,bird-nest,1.0,3,3.0,1 - URGENT,"[917, 282, 1371, 954]"
280-1_DJI_0492.jpg,vari-grip,bird-nest,1.0,3,3.0,1 - URGENT,"[460, 262, 751, 902]"
277-2_DJI_0354.jpg,glass-insulator,missing-cap,0.999,3,3.0,1 - URGENT,"[104, 1, 1765, 1073]"
277-2_DJI_0360.jpg,glass-insulator,missing-cap,0.999,3,3.0,1 - URGENT,"[0, 228, 906, 580]"
277-2_DJI_0361.jpg,glass-insulator,missing-cap,1.0,3,3.0,1 - URGENT,"[4, 200, 1169, 666]"
277-2_DJI_0367.jpg,glass-insulator,missing-cap,0.999,3,3.0,1 - URGENT,"[1470, 636, 1920, 940]"
267-2_DJI_0379.jpg,glass-insulator,missing-cap,1.0,3,3.0,1 - URGENT,"[4, 353, 1237, 1080]"
277-2_DJI_0360.jpg,glass-insulator,missing-cap,0.996,3,2.99,1 - URGENT,"[1, 308, 908, 664]"
277-2_DJI_0364.jpg,glass-insulator,missing-cap,0.996,3,2.99,1 - URGENT,"[641, 215, 1916, 681]"
277-2_DJI_0365.jpg,glass-insulator,missing-cap,0.997,3,2.99,1 - URGENT,"[1055, 274, 1920, 673]"
302-1_DJI_0449.jpg,glass-insulator,missing-cap,0.996,3,2.99,1 - URGENT,"[898, 0, 1617, 1080]"
302-1_DJI_0450.jpg,glass-insulator,missing-cap,0.997,3,2.99,1 - URGENT,"[869, 379, 1918, 1078]"
293-2_DJI_0491.jpg,vari-grip,bird-nest,0.998,3,2.99,1 - URGENT,"[625, 78, 927, 708]"
297-1_DJI_0357.jpg,vari-grip,bird-nest,0.992,3,2.98,1 - URGENT,"[418, 45, 872, 736]"
277-2_DJI_0353.jpg,glass-insulator,missing-cap,0.991,3,2.97,1 - URGENT,"[373, 0, 1372, 640]"
277-2_DJI_0355.jpg,glass-insulator,missing-cap,0.988,3,2.97,1 - URGENT,"[147, 219, 1013, 1076]"
302-1_DJI_0457.jpg,glass-insulator,missing-cap,0.988,3,2.97,1 - URGENT,"[360, 245, 713, 1079]"
277-2_DJI_0362.jpg,glass-insulator,missing-cap,0.983,3,2.95,1 - URGENT,"[433, 213, 1859, 733]"
302-1_DJI_0416.jpg,glass-insulator,missing-cap,0.985,3,2.95,1 - URGENT,"[530, 98, 942, 1079]"
302-1_DJI_0448.jpg,glass-insulator,missing-cap,0.982,3,2.95,1 - URGENT,"[923, 0, 1575, 1073]"
302-1_DJI_0449.jpg,glass-insulator,missing-cap,0.985,3,2.95,1 - URGENT,"[897, 13, 1917, 1080]"
302-1_DJI_0457.jpg,glass-insulator,missing-cap,0.984,3,2.95,1 - URGENT,"[835, 286, 1165, 1080]"
302-1_DJI_0448.jpg,glass-insulator,missing-cap,0.98,3,2.94,1 - URGENT,"[928, 0, 1916, 1072]"
277-2_DJI_0356.jpg,glass-insulator,missing-cap,0.975,3,2.92,1 - URGENT,"[636, 254, 1712, 1078]"
277-2_DJI_0363.jpg,glass-insulator,missing-cap,0.971,3,2.91,1 - URGENT,"[399, 220, 1851, 736]"
277-2_DJI_0355.jpg,glass-insulator,missing-cap,0.967,3,2.9,1 - URGENT,"[138, 213, 1368, 1079]"
264-1_DJI_0689.jpg,glass-insulator,missing-cap,0.959,3,2.88,1 - URGENT,"[732, 417, 1121, 1080]"
267-2_DJI_0376.jpg,glass-insulator,missing-cap,0.955,3,2.86,1 - URGENT,"[140, 178, 1729, 744]"
302-1_DJI_0456.jpg,glass-insulator,missing-cap,0.949,3,2.85,1 - URGENT,"[822, 91, 1165, 1080]"
298-1_DJI_0527.jpg,vari-grip,bird-nest,0.938,3,2.81,1 - URGENT,"[1012, 229, 1239, 901]"
277-2_DJI_0356.jpg,glass-insulator,missing-cap,0.924,3,2.77,1 - URGENT,"[605, 307, 1384, 1076]"
277-2_DJI_0366.jpg,glass-insulator,missing-cap,0.915,3,2.74,1 - URGENT,"[1109, 530, 1920, 900]"
302-1_DJI_0417.jpg,glass-insulator,missing-cap,0.902,3,2.71,1 - URGENT,"[694, 669, 1031, 1080]"
277-2_DJI_0367.jpg,glass-insulator,missing-cap,0.891,3,2.67,1 - URGENT,"[1375, 326, 1920, 613]"
277-2_DJI_0368.jpg,glass-insulator,missing-cap,0.883,3,2.65,1 - URGENT,"[1335, 3, 1918, 372]"
277-2_DJI_0334.jpg,glass-insulator,missing-cap,0.874,3,2.62,1 - URGENT,"[0, 482, 1306, 767]"
267-2_DJI_0367.jpg,glass-insulator,missing-cap,0.854,3,2.56,1 - URGENT,"[573, 157, 1468, 881]"
267-2_DJI_0378.jpg,glass-insulator,missing-cap,0.853,3,2.56,1 - URGENT,"[45, 75, 1919, 865]"
277-2_DJI_0365.jpg,glass-insulator,missing-cap,0.851,3,2.55,1 - URGENT,"[1056, 411, 1920, 682]"
267-2_DJI_0416.jpg,glass-insulator,missing-cap,0.85,3,2.55,1 - URGENT,"[723, 513, 1681, 1078]"
298-1_DJI_0528.jpg,vari-grip,bird-nest,0.844,3,2.53,1 - URGENT,"[1041, 165, 1263, 846]"
277-2_DJI_0362.jpg,glass-insulator,missing-cap,0.841,3,2.52,1 - URGENT,"[430, 366, 1858, 727]"
280-1_DJI_0493.jpg,vari-grip,bird-nest,0.819,3,2.46,1 - URGENT,"[656, 415, 1022, 892]"
277-2_DJI_0366.jpg,glass-insulator,missing-cap,0.814,3,2.44,1 - URGENT,"[1145, 846, 1919, 1080]"
267-2_DJI_0379.jpg,glass-insulator,missing-cap,0.814,3,2.44,1 - URGENT,"[12, 608, 1229, 1080]"
302-1_DJI_0448.jpg,glass-insulator,missing-cap,0.793,3,2.38,2 - À planifier,"[925, 0, 1339, 1076]"
267-2_DJI_0375.jpg,glass-insulator,missing-cap,0.788,3,2.36,2 - À planifier,"[1272, 684, 1910, 1078]"
302-1_DJI_0417.jpg,glass-insulator,missing-cap,0.788,3,2.36,2 - À planifier,"[1170, 664, 1504, 1080]"
267-2_DJI_0396.jpg,glass-insulator,missing-cap,0.767,3,2.3,2 - À planifier,"[216, 375, 1675, 704]"
267-2_DJI_0423.jpg,glass-insulator,missing-cap,0.742,3,2.22,2 - À planifier,"[0, 285, 1920, 936]"
267-2_DJI_0421.jpg,glass-insulator,missing-cap,0.732,3,2.2,2 - À planifier,"[82, 353, 1775, 801]"
267-2_DJI_0375.jpg,glass-insulator,missing-cap,0.721,3,2.16,2 - À planifier,"[1316, 293, 1920, 660]"
277-2_DJI_0365.jpg,glass-insulator,missing-cap,0.694,3,2.08,2 - À planifier,"[1070, 262, 1918, 487]"
267-2_DJI_0369.jpg,glass-insulator,missing-cap,0.682,3,2.05,2 - À planifier,"[355, 0, 1808, 1080]"
277-2_DJI_0363.jpg,glass-insulator,missing-cap,0.666,3,2.0,2 - À planifier,"[400, 417, 1856, 727]"
250-1_DJI_0278.jpg,polymer-insulator-upper-shackle,rust,1.0,2,2.0,2 - À planifier,"[611, 354, 1172, 1080]"
240-2_DJI_0060.jpg,polymer-insulator-upper-shackle,rust,0.997,2,1.99,2 - À planifier,"[545, 553, 952, 1080]"
297-1_DJI_0358.jpg,vari-grip,bird-nest,0.663,3,1.99,2 - À planifier,"[1056, 401, 1517, 970]"
248-1_DJI_0119.jpg,polymer-insulator-upper-shackle,rust,0.988,2,1.98,2 - À planifier,"[882, 515, 1431, 1080]"
248-1_DJI_0120.jpg,polymer-insulator-upper-shackle,rust,0.988,2,1.98,2 - À planifier,"[674, 406, 1230, 1080]"
302-1_DJI_0450.jpg,glass-insulator,missing-cap,0.654,3,1.96,2 - À planifier,"[874, 1, 1231, 1079]"
238-2_DJI_0345.jpg,polymer-insulator-upper-shackle,rust,0.973,2,1.95,2 - À planifier,"[724, 448, 1106, 1079]"
240-2_DJI_0008.jpg,polymer-insulator-upper-shackle,rust,0.968,2,1.94,2 - À planifier,"[550, 456, 904, 1079]"
277-2_DJI_0293.jpg,glass-insulator,missing-cap,0.632,3,1.9,2 - À planifier,"[0, 180, 1689, 1027]"
248-1_DJI_0118.jpg,polymer-insulator-upper-shackle,rust,0.946,2,1.89,2 - À planifier,"[599, 470, 1147, 1080]"
302-1_DJI_0456.jpg,glass-insulator,missing-cap,0.603,3,1.81,2 - À planifier,"[355, 45, 714, 1080]"
289-2_DJI_0420.jpg,polymer-insulator-upper-shackle,rust,0.9,2,1.8,2 - À planifier,"[877, 625, 1352, 1079]"
240-2_DJI_0009.jpg,polymer-insulator-upper-shackle,rust,0.881,2,1.76,2 - À planifier,"[672, 408, 1036, 1080]"
297-1_DJI_0357.jpg,vari-grip,bird-nest,0.565,3,1.7,2 - À planifier,"[1021, 62, 1300, 783]"
277-2_DJI_0333.jpg,glass-insulator,missing-cap,0.553,3,1.66,2 - À planifier,"[1, 500, 1076, 776]"
268-1_DJI_0260.jpg,polymer-insulator-upper-shackle,rust,0.832,2,1.66,2 - À planifier,"[679, 454, 1183, 1080]"
238-1_DJI_0369.jpg,polymer-insulator-upper-shackle,rust,0.816,2,1.63,2 - À planifier,"[845, 366, 1271, 1080]"
238-1_DJI_0370.jpg,polymer-insulator-upper-shackle,rust,0.816,2,1.63,2 - À planifier,"[482, 443, 910, 1080]"
267-2_DJI_0422.jpg,glass-insulator,missing-cap,0.54,3,1.62,2 - À planifier,"[0, 390, 1494, 945]"
304-2_DJI_0036.jpg,glass-insulator,missing-cap,0.532,3,1.6,2 - À planifier,"[883, 683, 1223, 1054]"
267-2_DJI_0370.jpg,glass-insulator,missing-cap,0.523,3,1.57,2 - À planifier,"[493, 241, 1359, 1080]"
292-1_DJI_0142.jpg,glass-insulator,missing-cap,0.513,3,1.54,2 - À planifier,"[1046, 13, 1914, 1080]"
245-1_DJI_0737.jpg,polymer-insulator-upper-shackle,rust,0.753,2,1.51,2 - À planifier,"[758, 447, 1314, 1080]"
238-1_DJI_0411.jpg,polymer-insulator-upper-shackle,rust,0.755,2,1.51,2 - À planifier,"[774, 402, 1134, 1079]"
245-1_DJI_0736.jpg,polymer-insulator-upper-shackle,rust,0.736,2,1.47,2 - À planifier,"[627, 798, 1185, 1079]"
302-1_DJI_0445.jpg,glass-insulator,missing-cap,0.489,3,1.47,2 - À planifier,"[831, 2, 1185, 1017]"
292-1_DJI_0142.jpg,glass-insulator,missing-cap,0.483,3,1.45,2 - À planifier,"[1, 767, 599, 1003]"
276-1_DJI_0518.jpg,vari-grip,rust,0.7,2,1.4,2 - À planifier,"[0, 0, 29, 137]"
277-2_DJI_0325.jpg,glass-insulator,missing-cap,0.461,3,1.38,2 - À planifier,"[5, 225, 1863, 680]"
302-1_DJI_0416.jpg,glass-insulator,missing-cap,0.443,3,1.33,2 - À planifier,"[1026, 96, 1416, 1079]"
250-1_DJI_0279.jpg,polymer-insulator-upper-shackle,rust,0.661,2,1.32,2 - À planifier,"[819, 348, 1114, 1014]"
302-1_DJI_0445.jpg,glass-insulator,missing-cap,0.435,3,1.31,2 - À planifier,"[338, 3, 701, 1033]"
263-2_DJI_0720.jpg,yoke-suspension,rust,0.649,2,1.3,2 - À planifier,"[621, 276, 1013, 796]"
250-1_DJI_0287.jpg,vari-grip,bird-nest,0.418,3,1.25,2 - À planifier,"[1862, 324, 1920, 911]"
241-1_DJI_0653.jpg,polymer-insulator-upper-shackle,rust,0.613,2,1.23,2 - À planifier,"[831, 511, 1172, 1079]"
292-1_DJI_0143.jpg,glass-insulator,missing-cap,0.39,3,1.17,2 - À planifier,"[0, 282, 576, 520]"
277-2_DJI_0292.jpg,glass-insulator,missing-cap,0.388,3,1.16,2 - À planifier,"[1, 0, 1580, 835]"
278-2_DJI_0152.jpg,vari-grip,rust,0.568,2,1.14,2 - À planifier,"[0, 298, 25, 562]"
267-2_DJI_0388.jpg,glass-insulator,missing-cap,0.378,3,1.13,2 - À planifier,"[526, 105, 1689, 1048]"
277-2_DJI_0326.jpg,glass-insulator,missing-cap,0.372,3,1.12,2 - À planifier,"[30, 97, 1907, 596]"
277-2_DJI_0335.jpg,glass-insulator,missing-cap,0.362,3,1.09,2 - À planifier,"[177, 261, 1692, 482]"
277-2_DJI_0336.jpg,glass-insulator,missing-cap,0.356,3,1.07,2 - À planifier,"[386, 288, 1910, 488]"
302-1_DJI_0451.jpg,glass-insulator,missing-cap,0.358,3,1.07,2 - À planifier,"[958, 1, 1326, 1078]"
292-1_DJI_0166.jpg,glass-insulator,missing-cap,0.355,3,1.07,2 - À planifier,"[33, 170, 1895, 930]"
267-2_DJI_0413.jpg,glass-insulator,missing-cap,0.349,3,1.05,2 - À planifier,"[343, 100, 1587, 946]"
302-1_DJI_0448.jpg,glass-insulator,missing-cap,0.349,3,1.05,2 - À planifier,"[437, 2, 819, 1078]"
302-1_DJI_0455.jpg,glass-insulator,missing-cap,0.349,3,1.05,2 - À planifier,"[790, 1, 1136, 1080]"
263-2_DJI_0721.jpg,yoke-suspension,rust,0.511,2,1.02,2 - À planifier,"[574, 270, 959, 760]"
302-1_DJI_0444.jpg,glass-insulator,missing-cap,0.341,3,1.02,2 - À planifier,"[836, 1, 1179, 851]"
292-1_DJI_0157.jpg,glass-insulator,missing-cap,0.341,3,1.02,2 - À planifier,"[64, 0, 1845, 1066]"
302-1_DJI_0446.jpg,glass-insulator,missing-cap,0.336,3,1.01,2 - À planifier,"[427, 3, 807, 1079]"
292-1_DJI_0153.jpg,glass-insulator,missing-cap,0.328,3,0.98,2 - À planifier,"[761, 2, 1527, 148]"
302-1_DJI_0447.jpg,glass-insulator,missing-cap,0.323,3,0.97,2 - À planifier,"[0, 1, 490, 405]"
294-1_DJI_0382.jpg,polymer-insulator-upper-shackle,rust,0.483,2,0.97,2 - À planifier,"[1020, 463, 1412, 1080]"
263-1_DJI_0779.jpg,polymer-insulator-upper-shackle,rust,0.466,2,0.93,2 - À planifier,"[528, 416, 1022, 1080]"
267-2_DJI_0368.jpg,glass-insulator,missing-cap,0.311,3,0.93,2 - À planifier,"[677, 0, 1843, 763]"
302-1_DJI_0455.jpg,glass-insulator,missing-cap,0.308,3,0.92,2 - À planifier,"[323, 0, 686, 1080]"
292-1_DJI_0158.jpg,glass-insulator,missing-cap,0.299,3,0.9,2 - À planifier,"[14, 185, 1447, 1078]"
277-2_DJI_0244.jpg,glass-insulator,missing-cap,0.292,3,0.88,2 - À planifier,"[709, 1, 1916, 339]"
292-1_DJI_0165.jpg,glass-insulator,missing-cap,0.286,3,0.86,2 - À planifier,"[35, 388, 1895, 1080]"
297-1_DJI_0359.jpg,vari-grip,bird-nest,0.284,3,0.85,2 - À planifier,"[1062, 482, 1528, 1047]"
292-1_DJI_0081.jpg,glass-insulator,missing-cap,0.28,3,0.84,2 - À planifier,"[456, 445, 1350, 603]"
302-1_DJI_0444.jpg,glass-insulator,missing-cap,0.277,3,0.83,2 - À planifier,"[344, 1, 697, 878]"
277-2_DJI_0282.jpg,glass-insulator,missing-cap,0.264,3,0.79,2 - À planifier,"[3, 187, 1898, 908]"
267-2_DJI_0377.jpg,glass-insulator,missing-cap,0.263,3,0.79,2 - À planifier,"[693, 345, 1915, 771]"
302-1_DJI_0447.jpg,glass-insulator,missing-cap,0.26,3,0.78,2 - À planifier,"[423, 2, 785, 1080]"
292-1_DJI_0094.jpg,glass-insulator,missing-cap,0.26,3,0.78,2 - À planifier,"[16, 131, 699, 324]"
302-1_DJI_0354.jpg,glass-insulator,missing-cap,0.257,3,0.77,2 - À planifier,"[0, 1, 1187, 1079]"
238-2_DJI_0303.jpg,polymer-insulator-upper-shackle,rust,0.379,2,0.76,2 - À planifier,"[908, 544, 1226, 1080]"
277-2_DJI_0327.jpg,glass-insulator,missing-cap,0.251,3,0.75,2 - À planifier,"[158, 213, 1919, 697]"
268-1_DJI_0282.jpg,polymer-insulator-upper-shackle,rust,0.375,2,0.75,2 - À planifier,"[777, 209, 1277, 1079]"
302-1_DJI_0446.jpg,glass-insulator,missing-cap,0.248,3,0.75,2 - À planifier,"[921, 2, 1284, 1079]"
267-2_DJI_0395.jpg,glass-insulator,missing-cap,0.242,3,0.73,2 - À planifier,"[1310, 366, 1920, 1079]"
302-1_DJI_0453.jpg,glass-insulator,missing-cap,0.245,3,0.73,2 - À planifier,"[512, 1, 877, 1080]"
242-2_DJI_0312.jpg,polymer-insulator-upper-shackle,rust,0.358,2,0.72,2 - À planifier,"[581, 415, 1016, 1080]"
292-1_DJI_0137.jpg,glass-insulator,missing-cap,0.238,3,0.71,2 - À planifier,"[0, 616, 687, 1078]"
267-2_DJI_0390.jpg,glass-insulator,missing-cap,0.226,3,0.68,2 - À planifier,"[0, 0, 1828, 1080]"
267-2_DJI_0420.jpg,glass-insulator,missing-cap,0.223,3,0.67,2 - À planifier,"[0, 641, 631, 1080]"
275-1_DJI_0607.jpg,glass-insulator,missing-cap,0.219,3,0.66,2 - À planifier,"[924, 1, 1274, 389]"
302-1_DJI_0451.jpg,glass-insulator,missing-cap,0.216,3,0.65,2 - À planifier,"[499, 1, 862, 1080]"
276-1_DJI_0503.jpg,glass-insulator,missing-cap,0.209,3,0.63,2 - À planifier,"[803, 763, 1052, 1077]"
302-1_DJI_0414.jpg,glass-insulator,missing-cap,0.21,3,0.63,2 - À planifier,"[537, 0, 972, 1080]"
277-2_DJI_0294.jpg,glass-insulator,missing-cap,0.206,3,0.62,2 - À planifier,"[219, 0, 362, 672]"
297-1_DJI_0391.jpg,vari-grip,bird-nest,0.207,3,0.62,2 - À planifier,"[573, 2, 858, 566]"
276-1_DJI_0511.jpg,glass-insulator,missing-cap,0.2,3,0.6,2 - À planifier,"[673, 2, 1025, 441]"
267-2_DJI_0377.jpg,glass-insulator,missing-cap,0.199,3,0.6,2 - À planifier,"[693, 510, 1919, 776]"
248-1_DJI_0154.jpg,yoke-suspension,rust,0.3,2,0.6,2 - À planifier,"[1552, 205, 1781, 717]"
302-1_DJI_0447.jpg,glass-insulator,missing-cap,0.199,3,0.6,2 - À planifier,"[907, 2, 1281, 1080]"
294-1_DJI_0381.jpg,polymer-insulator-upper-shackle,rust,0.301,2,0.6,2 - À planifier,"[875, 501, 1269, 1080]"
288-1_DJI_0074.jpg,glass-insulator,missing-cap,0.197,3,0.59,2 - À planifier,"[837, 2, 1175, 458]"
246-1_DJI_0549.jpg,polymer-insulator-upper-shackle,rust,0.295,2,0.59,2 - À planifier,"[188, 0, 993, 709]"
274-2_DJI_0688.jpg,glass-insulator,missing-cap,0.187,3,0.56,2 - À planifier,"[960, 1, 1330, 329]"
292-1_DJI_0141.jpg,glass-insulator,missing-cap,0.185,3,0.56,2 - À planifier,"[1336, 579, 1920, 1080]"
277-2_DJI_0284.jpg,glass-insulator,missing-cap,0.183,3,0.55,2 - À planifier,"[1, 459, 1277, 951]"
278-2_DJI_0183.jpg,glass-insulator,missing-cap,0.183,3,0.55,2 - À planifier,"[920, 0, 1279, 403]"
293-2_DJI_0520.jpg,glass-insulator,missing-cap,0.183,3,0.55,2 - À planifier,"[716, 729, 1109, 1080]"
277-2_DJI_0292.jpg,glass-insulator,missing-cap,0.18,3,0.54,2 - À planifier,"[295, 9, 1917, 883]"
302-1_DJI_0355.jpg,glass-insulator,missing-cap,0.181,3,0.54,2 - À planifier,"[0, 0, 1424, 1078]"
302-1_DJI_0452.jpg,glass-insulator,missing-cap,0.181,3,0.54,2 - À planifier,"[504, 1, 868, 1080]"
302-1_DJI_0411.jpg,glass-insulator,missing-cap,0.176,3,0.53,2 - À planifier,"[0, 540, 613, 1079]"
302-1_DJI_0450.jpg,glass-insulator,missing-cap,0.176,3,0.53,2 - À planifier,"[407, 2, 768, 1080]"
302-1_DJI_0454.jpg,glass-insulator,missing-cap,0.178,3,0.53,2 - À planifier,"[354, 3, 727, 1080]"
280-1_DJI_0489.jpg,glass-insulator,missing-cap,0.173,3,0.52,2 - À planifier,"[621, 2, 994, 365]"
292-1_DJI_0137.jpg,glass-insulator,missing-cap,0.172,3,0.52,2 - À planifier,"[622, 139, 950, 1078]"
302-1_DJI_0449.jpg,glass-insulator,missing-cap,0.166,3,0.5,2 - À planifier,"[1, 539, 474, 1024]"
288-1_DJI_0066.jpg,glass-insulator,missing-cap,0.163,3,0.49,2 - À planifier,"[899, 603, 1236, 1080]"
267-2_DJI_0424.jpg,glass-insulator,missing-cap,0.165,3,0.49,2 - À planifier,"[551, 325, 1920, 852]"
267-2_DJI_0420.jpg,glass-insulator,missing-cap,0.161,3,0.48,2 - À planifier,"[0, 347, 639, 722]"
302-1_DJI_0452.jpg,glass-insulator,missing-cap,0.161,3,0.48,2 - À planifier,"[981, 2, 1331, 1078]"
296-2_DJI_0007.jpg,glass-insulator,missing-cap,0.16,3,0.48,2 - À planifier,"[675, 671, 1020, 1079]"
277-2_DJI_0294.jpg,glass-insulator,missing-cap,0.153,3,0.46,2 - À planifier,"[0, 386, 1439, 1061]"
267-2_DJI_0377.jpg,glass-insulator,missing-cap,0.154,3,0.46,2 - À planifier,"[697, 275, 1912, 553]"
277-2_DJI_0283.jpg,glass-insulator,missing-cap,0.149,3,0.45,2 - À planifier,"[5, 309, 1696, 1026]"
302-1_DJI_0415.jpg,glass-insulator,missing-cap,0.148,3,0.44,2 - À planifier,"[582, 0, 1008, 1080]"
272-1_DJI_0929.jpg,glass-insulator,missing-cap,0.144,3,0.43,2 - À planifier,"[940, 1, 1171, 332]"
277-2_DJI_0356.jpg,glass-insulator,missing-cap,0.14,3,0.42,2 - À planifier,"[0, 3, 337, 1080]"
272-1_DJI_0899.jpg,glass-insulator,missing-cap,0.141,3,0.42,2 - À planifier,"[744, 1, 1034, 404]"
302-1_DJI_0355.jpg,glass-insulator,missing-cap,0.14,3,0.42,2 - À planifier,"[336, 0, 1919, 1078]"
296-2_DJI_0025.jpg,glass-insulator,missing-cap,0.14,3,0.42,2 - À planifier,"[746, 590, 1092, 1080]"
292-1_DJI_0144.jpg,glass-insulator,missing-cap,0.141,3,0.42,2 - À planifier,"[1033, 1, 1344, 1079]"
277-2_DJI_0284.jpg,glass-insulator,missing-cap,0.136,3,0.41,2 - À planifier,"[0, 264, 1238, 757]"
271-2_DJI_0947.jpg,glass-insulator,missing-cap,0.135,3,0.41,2 - À planifier,"[602, 2, 981, 373]"
248-1_DJI_0146.jpg,vari-grip,rust,0.204,2,0.41,2 - À planifier,"[1227, 27, 1573, 971]"
297-1_DJI_0393.jpg,vari-grip,bird-nest,0.138,3,0.41,2 - À planifier,"[1081, 267, 1315, 810]"
293-2_DJI_0521.jpg,glass-insulator,missing-cap,0.135,3,0.4,2 - À planifier,"[730, 481, 1125, 1080]"
288-1_DJI_0113.jpg,glass-insulator,missing-cap,0.127,3,0.38,2 - À planifier,"[921, 2, 1294, 387]"
245-2_DJI_0655.jpg,polymer-insulator-upper-shackle,rust,0.189,2,0.38,2 - À planifier,"[816, 505, 1276, 1080]"
288-1_DJI_0103.jpg,glass-insulator,missing-cap,0.122,3,0.37,2 - À planifier,"[724, 730, 1157, 1080]"
309-1_DJI_0006.jpg,polymer-insulator-upper-shackle,rust,0.187,2,0.37,2 - À planifier,"[715, 119, 884, 866]"
277-2_DJI_0358.jpg,glass-insulator,missing-cap,0.118,3,0.36,2 - À planifier,"[0, 0, 844, 467]"
256-1_DJI_0172.jpg,polymer-insulator-upper-shackle,rust,0.181,2,0.36,2 - À planifier,"[452, 293, 969, 1080]"
292-1_DJI_0167.jpg,glass-insulator,missing-cap,0.121,3,0.36,2 - À planifier,"[0, 111, 1636, 792]"
245-2_DJI_0624.jpg,vari-grip,rust,0.176,2,0.35,2 - À planifier,"[1123, 62, 1496, 942]"
292-1_DJI_0142.jpg,glass-insulator,missing-cap,0.118,3,0.35,2 - À planifier,"[1045, 0, 1351, 1079]"
267-2_DJI_0415.jpg,glass-insulator,missing-cap,0.114,3,0.34,2 - À planifier,"[355, 1, 1919, 1064]"
260-1_DJI_0210.jpg,polymer-insulator-upper-shackle,rust,0.169,2,0.34,2 - À planifier,"[550, 253, 1124, 1079]"
302-1_DJI_0410.jpg,glass-insulator,missing-cap,0.112,3,0.34,2 - À planifier,"[0, 171, 736, 867]"
302-1_DJI_0453.jpg,glass-insulator,missing-cap,0.113,3,0.34,2 - À planifier,"[980, 1, 1339, 1078]"
304-2_DJI_0020.jpg,glass-insulator,missing-cap,0.112,3,0.34,2 - À planifier,"[822, 0, 1194, 353]"
259-2_DJI_0261.jpg,polymer-insulator-upper-shackle,rust,0.167,2,0.33,2 - À planifier,"[707, 263, 1492, 1079]"
302-1_DJI_0448.jpg,glass-insulator,missing-cap,0.109,3,0.33,2 - À planifier,"[0, 255, 515, 686]"
284-1_DJI_0501.jpg,glass-insulator,missing-cap,0.108,3,0.32,2 - À planifier,"[762, 691, 1130, 1078]"
268-1_DJI_0296.jpg,glass-insulator,missing-cap,0.106,3,0.32,2 - À planifier,"[588, 0, 1205, 1077]"
292-1_DJI_0087.jpg,glass-insulator,missing-cap,0.106,3,0.32,2 - À planifier,"[55, 0, 1916, 868]"
277-2_DJI_0328.jpg,glass-insulator,missing-cap,0.105,3,0.31,2 - À planifier,"[49, 287, 1916, 801]"
302-1_DJI_0454.jpg,glass-insulator,missing-cap,0.104,3,0.31,2 - À planifier,"[823, 2, 1187, 1079]"
277-2_DJI_0333.jpg,glass-insulator,missing-cap,0.1,3,0.3,2 - À planifier,"[552, 2, 1244, 128]"
277-2_DJI_0359.jpg,glass-insulator,missing-cap,0.099,3,0.3,2 - À planifier,"[1, 12, 439, 380]"
278-2_DJI_0175.jpg,glass-insulator,missing-cap,0.1,3,0.3,2 - À planifier,"[956, 664, 1192, 1078]"
267-2_DJI_0397.jpg,glass-insulator,missing-cap,0.1,3,0.3,2 - À planifier,"[309, 271, 1920, 827]"
294-1_DJI_0354.jpg,vari-grip,rust,0.148,2,0.3,2 - À planifier,"[1116, 143, 1473, 827]"
292-1_DJI_0137.jpg,glass-insulator,missing-cap,0.099,3,0.3,2 - À planifier,"[1026, 110, 1375, 1080]"
272-2_DJI_0876.jpg,glass-insulator,missing-cap,0.097,3,0.29,2 - À planifier,"[696, 3, 1050, 482]"
267-2_DJI_0398.jpg,glass-insulator,missing-cap,0.097,3,0.29,2 - À planifier,"[3, 309, 1918, 940]"
284-1_DJI_0508.jpg,glass-insulator,missing-cap,0.092,3,0.28,2 - À planifier,"[606, 1, 943, 424]"
277-2_DJI_0269.jpg,glass-insulator,missing-cap,0.094,3,0.28,2 - À planifier,"[1085, 663, 1909, 1080]"
302-1_DJI_0414.jpg,glass-insulator,missing-cap,0.093,3,0.28,2 - À planifier,"[1044, 0, 1462, 1080]"
280-1_DJI_0477.jpg,glass-insulator,missing-cap,0.089,3,0.27,2 - À planifier,"[845, 758, 1166, 1078]"
259-2_DJI_0284.jpg,polymer-insulator-upper-shackle,rust,0.137,2,0.27,2 - À planifier,"[793, 37, 1184, 1050]"
302-1_DJI_0449.jpg,glass-insulator,missing-cap,0.091,3,0.27,2 - À planifier,"[425, 2, 789, 1080]"
294-1_DJI_0338.jpg,polymer-insulator-upper-shackle,rust,0.135,2,0.27,2 - À planifier,"[872, 349, 1340, 1080]"
276-1_DJI_0538.jpg,glass-insulator,missing-cap,0.088,3,0.26,2 - À planifier,"[689, 0, 1003, 350]"
277-2_DJI_0324.jpg,glass-insulator,missing-cap,0.087,3,0.26,2 - À planifier,"[5, 384, 1348, 779]"
275-1_DJI_0637.jpg,glass-insulator,missing-cap,0.085,3,0.26,2 - À planifier,"[706, 2, 1097, 380]"
288-1_DJI_0075.jpg,glass-insulator,missing-cap,0.084,3,0.25,2 - À planifier,"[651, 1, 1027, 294]"
288-1_DJI_0096.jpg,glass-insulator,missing-cap,0.084,3,0.25,2 - À planifier,"[831, 2, 979, 235]"
277-2_DJI_0337.jpg,glass-insulator,missing-cap,0.083,3,0.25,2 - À planifier,"[1053, 289, 1919, 510]"
272-2_DJI_0871.jpg,glass-insulator,missing-cap,0.085,3,0.25,2 - À planifier,"[777, 785, 1252, 1077]"
302-1_DJI_0381.jpg,glass-insulator,missing-cap,0.083,3,0.25,2 - À planifier,"[6, 0, 1920, 1033]"
302-1_DJI_0415.jpg,glass-insulator,missing-cap,0.084,3,0.25,2 - À planifier,"[1075, 0, 1485, 1080]"
271-1_DJI_0983.jpg,polymer-insulator-upper-shackle,rust,0.119,2,0.24,2 - À planifier,"[655, 266, 1160, 1080]"
268-1_DJI_0283.jpg,glass-insulator,missing-cap,0.08,3,0.24,2 - À planifier,"[747, 757, 1208, 1078]"
297-1_DJI_0362.jpg,glass-insulator,missing-cap,0.08,3,0.24,2 - À planifier,"[611, 180, 1084, 1080]"
296-2_DJI_0018.jpg,glass-insulator,missing-cap,0.079,3,0.24,2 - À planifier,"[741, 1, 1087, 570]"
292-2_DJI_0068.jpg,glass-insulator,missing-cap,0.078,3,0.23,2 - À planifier,"[701, 1, 1198, 630]"
277-2_DJI_0269.jpg,glass-insulator,missing-cap,0.073,3,0.22,2 - À planifier,"[1503, 658, 1920, 1080]"
277-2_DJI_0270.jpg,glass-insulator,missing-cap,0.072,3,0.22,2 - À planifier,"[1082, 579, 1920, 882]"
277-2_DJI_0334.jpg,glass-insulator,missing-cap,0.072,3,0.22,2 - À planifier,"[840, 1, 1456, 103]"
293-2_DJI_0488.jpg,glass-insulator,missing-cap,0.072,3,0.22,2 - À planifier,"[856, 3, 1190, 405]"
294-1_DJI_0395.jpg,glass-insulator,missing-cap,0.074,3,0.22,2 - À planifier,"[650, 3, 1015, 443]"
272-1_DJI_0924.jpg,glass-insulator,missing-cap,0.07,3,0.21,2 - À planifier,"[888, 579, 1112, 1080]"
284-1_DJI_0533.jpg,glass-insulator,missing-cap,0.068,3,0.2,2 - À planifier,"[825, 725, 1073, 1080]"
277-2_DJI_0312.jpg,glass-insulator,missing-cap,0.067,3,0.2,2 - À planifier,"[1470, 0, 1919, 145]"
277-2_DJI_0329.jpg,glass-insulator,missing-cap,0.065,3,0.2,2 - À planifier,"[435, 307, 1920, 824]"
268-1_DJI_0290.jpg,glass-insulator,missing-cap,0.067,3,0.2,2 - À planifier,"[956, 0, 1327, 332]"
292-1_DJI_0087.jpg,glass-insulator,missing-cap,0.068,3,0.2,2 - À planifier,"[615, 0, 1914, 983]"
280-1_DJI_0528.jpg,glass-insulator,missing-cap,0.063,3,0.19,2 - À planifier,"[900, 0, 1241, 430]"
277-2_DJI_0269.jpg,glass-insulator,missing-cap,0.062,3,0.19,2 - À planifier,"[1574, 103, 1919, 539]"
277-2_DJI_0274.jpg,glass-insulator,missing-cap,0.063,3,0.19,2 - À planifier,"[0, 26, 1622, 798]"
278-2_DJI_0146.jpg,glass-insulator,missing-cap,0.065,3,0.19,2 - À planifier,"[640, 2, 1017, 424]"
274-2_DJI_0655.jpg,glass-insulator,missing-cap,0.065,3,0.19,2 - À planifier,"[671, 1, 1045, 312]"
277-2_DJI_0275.jpg,glass-insulator,missing-cap,0.059,3,0.18,2 - À planifier,"[0, 102, 1507, 1080]"
277-2_DJI_0351.jpg,glass-insulator,missing-cap,0.059,3,0.18,2 - À planifier,"[434, 3, 1127, 253]"
297-1_DJI_0358.jpg,vari-grip,rust,0.089,2,0.18,2 - À planifier,"[661, 398, 904, 960]"
293-2_DJI_0534.jpg,glass-insulator,missing-cap,0.061,3,0.18,2 - À planifier,"[835, 2, 973, 156]"
280-1_DJI_0488.jpg,glass-insulator,missing-cap,0.057,3,0.17,2 - À planifier,"[757, 2, 1084, 266]"
241-1_DJI_0595.jpg,polymer-insulator-upper-shackle,rust,0.083,2,0.17,2 - À planifier,"[695, 546, 1006, 1080]"
298-1_DJI_0531.jpg,glass-insulator,missing-cap,0.057,3,0.17,2 - À planifier,"[829, 577, 1231, 1077]"
293-2_DJI_0473.jpg,polymer-insulator-upper-shackle,rust,0.085,2,0.17,2 - À planifier,"[763, 674, 1162, 1080]"
277-2_DJI_0273.jpg,glass-insulator,missing-cap,0.05,3,0.15,2 - À planifier,"[38, 387, 1920, 1032]"
277-2_DJI_0273.jpg,glass-insulator,missing-cap,0.051,3,0.15,2 - À planifier,"[47, 44, 1919, 1018]"
268-1_DJI_0266.jpg,glass-insulator,missing-cap,0.052,3,0.15,2 - À planifier,"[629, 1, 990, 553]"
302-1_DJI_0358.jpg,glass-insulator,missing-cap,0.051,3,0.15,2 - À planifier,"[793, 714, 1165, 1078]"
302-1_DJI_0402.jpg,glass-insulator,missing-cap,0.049,3,0.15,2 - À planifier,"[15, 103, 1909, 1076]"
304-1_DJI_0088.jpg,vari-grip,bird-nest,0.049,3,0.15,2 - À planifier,"[1149, 282, 1369, 932]"
297-1_DJI_0359.jpg,vari-grip,rust,0.077,2,0.15,2 - À planifier,"[672, 478, 913, 1038]"
297-1_DJI_0393.jpg,vari-grip,bird-nest,0.05,3,0.15,2 - À planifier,"[533, 254, 944, 791]"
294-1_DJI_0340.jpg,glass-insulator,missing-cap,0.051,3,0.15,2 - À planifier,"[806, 570, 1222, 1075]"
292-2_DJI_0027.jpg,vari-grip,bird-nest,0.049,3,0.15,2 - À planifier,"[1154, 291, 1425, 926]"
282-1_DJI_0266.jpg,glass-insulator,missing-cap,0.047,3,0.14,2 - À planifier,"[908, 758, 1235, 1079]"
267-2_DJI_0399.jpg,glass-insulator,missing-cap,0.045,3,0.14,2 - À planifier,"[8, 309, 1572, 924]"
294-1_DJI_0350.jpg,glass-insulator,missing-cap,0.048,3,0.14,2 - À planifier,"[872, 1, 1010, 145]"
292-1_DJI_0090.jpg,glass-insulator,missing-cap,0.046,3,0.14,2 - À planifier,"[0, 513, 520, 1080]"
292-1_DJI_0107.jpg,glass-insulator,missing-cap,0.047,3,0.14,2 - À planifier,"[244, 428, 1466, 738]"
292-1_DJI_0141.jpg,glass-insulator,missing-cap,0.045,3,0.14,2 - À planifier,"[683, 388, 965, 1080]"
276-1_DJI_0517.jpg,vari-grip,rust,0.063,2,0.13,2 - À planifier,"[0, 182, 78, 458]"
277-2_DJI_0258.jpg,glass-insulator,missing-cap,0.044,3,0.13,2 - À planifier,"[23, 238, 1920, 868]"
277-2_DJI_0281.jpg,glass-insulator,missing-cap,0.044,3,0.13,2 - À planifier,"[649, 244, 1910, 565]"
277-2_DJI_0359.jpg,glass-insulator,missing-cap,0.043,3,0.13,2 - À planifier,"[0, 447, 290, 798]"
271-2_DJI_0973.jpg,glass-insulator,missing-cap,0.043,3,0.13,2 - À planifier,"[721, 0, 1063, 241]"
272-2_DJI_0842.jpg,glass-insulator,missing-cap,0.043,3,0.13,2 - À planifier,"[798, 597, 1047, 1079]"
309-1_DJI_0022.jpg,vari-grip,bird-nest,0.044,3,0.13,2 - À planifier,"[1122, 62, 1519, 1027]"
296-2_DJI_0023.jpg,vari-grip,rust,0.064,2,0.13,2 - À planifier,"[643, 78, 825, 497]"
292-1_DJI_0088.jpg,glass-insulator,missing-cap,0.045,3,0.13,2 - À planifier,"[0, 170, 1584, 788]"
284-1_DJI_0542.jpg,glass-insulator,missing-cap,0.04,3,0.12,2 - À planifier,"[916, 0, 1259, 414]"
277-2_DJI_0275.jpg,glass-insulator,missing-cap,0.041,3,0.12,2 - À planifier,"[0, 386, 1517, 1065]"
277-2_DJI_0284.jpg,glass-insulator,missing-cap,0.041,3,0.12,2 - À planifier,"[1, 265, 1282, 971]"
277-2_DJI_0330.jpg,glass-insulator,missing-cap,0.038,3,0.12,2 - À planifier,"[824, 396, 1920, 891]"
271-1_DJI_1000 (1).jpg,glass-insulator,missing-cap,0.04,3,0.12,2 - À planifier,"[860, 781, 1358, 1077]"
302-1_DJI_0413.jpg,glass-insulator,missing-cap,0.039,3,0.12,2 - À planifier,"[534, 2, 971, 1077]"
304-2_DJI_0038.jpg,glass-insulator,missing-cap,0.041,3,0.12,2 - À planifier,"[825, 16, 1237, 334]"
297-1_DJI_0370.jpg,glass-insulator,missing-cap,0.04,3,0.12,2 - À planifier,"[531, 1, 998, 841]"
293-2_DJI_0495.jpg,glass-insulator,missing-cap,0.039,3,0.12,2 - À planifier,"[691, 527, 1197, 1080]"
292-1_DJI_0156.jpg,glass-insulator,missing-cap,0.04,3,0.12,2 - À planifier,"[325, 0, 1906, 1047]"
277-2_DJI_0269.jpg,glass-insulator,missing-cap,0.036,3,0.11,2 - À planifier,"[1086, 117, 1893, 585]"
277-2_DJI_0301.jpg,glass-insulator,missing-cap,0.036,3,0.11,2 - À planifier,"[0, 309, 1607, 960]"
271-1_DJI_1000 (6).jpg,glass-insulator,missing-cap,0.035,3,0.11,2 - À planifier,"[946, 1, 1157, 740]"
272-1_DJI_0923.jpg,glass-insulator,missing-cap,0.038,3,0.11,2 - À planifier,"[784, 814, 1216, 1076]"
274-2_DJI_0647.jpg,polymer-insulator-upper-shackle,rust,0.053,2,0.11,2 - À planifier,"[839, 314, 1123, 941]"
274-2_DJI_0649.jpg,glass-insulator,missing-cap,0.037,3,0.11,2 - À planifier,"[840, 533, 1159, 1079]"
248-1_DJI_0151.jpg,polymer-insulator-upper-shackle,rust,0.055,2,0.11,2 - À planifier,"[772, 46, 1243, 950]"
302-1_DJI_0354.jpg,glass-insulator,missing-cap,0.037,3,0.11,2 - À planifier,"[369, 0, 1920, 1080]"
302-1_DJI_0458.jpg,glass-insulator,missing-cap,0.036,3,0.11,2 - À planifier,"[952, 732, 1261, 1079]"
302-1_DJI_0458.jpg,glass-insulator,missing-cap,0.035,3,0.11,2 - À planifier,"[496, 699, 807, 1080]"
297-1_DJI_0342.jpg,glass-insulator,missing-cap,0.036,3,0.11,2 - À planifier,"[734, 715, 1101, 1078]"
294-1_DJI_0354.jpg,vari-grip,bird-nest,0.037,3,0.11,2 - À planifier,"[372, 151, 912, 842]"
292-1_DJI_0087.jpg,glass-insulator,missing-cap,0.038,3,0.11,2 - À planifier,"[337, 117, 1917, 823]"
292-2_DJI_0057.jpg,glass-insulator,missing-cap,0.038,3,0.11,2 - À planifier,"[686, 260, 1145, 1078]"
282-1_DJI_0237.jpg,glass-insulator,missing-cap,0.032,3,0.1,2 - À planifier,"[936, 1, 1267, 256]"
277-2_DJI_0269.jpg,glass-insulator,missing-cap,0.033,3,0.1,2 - À planifier,"[1087, 128, 1504, 589]"
277-2_DJI_0276.jpg,glass-insulator,missing-cap,0.033,3,0.1,2 - À planifier,"[0, 595, 1066, 1080]"
271-1_DJI_0986.jpg,glass-insulator,missing-cap,0.032,3,0.1,2 - À planifier,"[747, 537, 1071, 1079]"
271-2_DJI_0968.jpg,glass-insulator,missing-cap,0.032,3,0.1,2 - À planifier,"[679, 742, 1190, 1077]"
259-2_DJI_0274.jpg,vari-grip,rust,0.05,2,0.1,2 - À planifier,"[371, 365, 478, 563]"
248-1_DJI_0159.jpg,polymer-insulator-upper-shackle,rust,0.049,2,0.1,2 - À planifier,"[983, 289, 1275, 1078]"
302-1_DJI_0382.jpg,glass-insulator,missing-cap,0.033,3,0.1,2 - À planifier,"[0, 0, 1909, 1073]"
302-1_DJI_0420.jpg,glass-insulator,missing-cap,0.032,3,0.1,2 - À planifier,"[0, 0, 1035, 424]"
298-1_DJI_0524.jpg,glass-insulator,missing-cap,0.034,3,0.1,2 - À planifier,"[856, 0, 1229, 392]"
293-2_DJI_0535.jpg,glass-insulator,missing-cap,0.032,3,0.1,2 - À planifier,"[555, 1, 918, 540]"
294-1_DJI_0391.jpg,glass-insulator,missing-cap,0.032,3,0.1,2 - À planifier,"[536, 0, 1076, 1080]"
292-1_DJI_0107.jpg,glass-insulator,missing-cap,0.032,3,0.1,2 - À planifier,"[1524, 70, 1920, 191]"
284-1_DJI_0502.jpg,glass-insulator,missing-cap,0.031,3,0.09,2 - À planifier,"[897, 557, 1157, 1080]"
288-1_DJI_0079.jpg,vari-grip,bird-nest,0.03,3,0.09,2 - À planifier,"[557, 374, 979, 921]"
280-1_DJI_0507.jpg,glass-insulator,missing-cap,0.031,3,0.09,2 - À planifier,"[808, 3, 956, 182]"
277-2_DJI_0273.jpg,glass-insulator,missing-cap,0.031,3,0.09,2 - À planifier,"[40, 127, 1916, 737]"
277-2_DJI_0311.jpg,glass-insulator,missing-cap,0.031,3,0.09,2 - À planifier,"[1394, 112, 1920, 267]"
277-2_DJI_0333.jpg,glass-insulator,missing-cap,0.031,3,0.09,2 - À planifier,"[1849, 582, 1919, 1070]"
271-1_DJI_0994.jpg,glass-insulator,missing-cap,0.032,3,0.09,2 - À planifier,"[615, 2, 999, 295]"
271-2_DJI_0953.jpg,glass-insulator,missing-cap,0.029,3,0.09,2 - À planifier,"[780, 576, 1232, 1077]"
272-1_DJI_0891.jpg,polymer-insulator-upper-shackle,rust,0.047,2,0.09,2 - À planifier,"[665, 306, 1159, 1080]"
268-1_DJI_0268.jpg,glass-insulator,missing-cap,0.029,3,0.09,2 - À planifier,"[811, 1, 934, 108]"
263-1_DJI_0756.jpg,polymer-insulator-upper-shackle,rust,0.043,2,0.09,2 - À planifier,"[373, 371, 1007, 1080]"
267-2_DJI_0414.jpg,glass-insulator,missing-cap,0.031,3,0.09,2 - À planifier,"[4, 0, 1550, 992]"
256-1_DJI_0196.jpg,polymer-insulator-upper-shackle,rust,0.046,2,0.09,2 - À planifier,"[814, 283, 1083, 983]"
250-1_DJI_0290.jpg,vari-grip,rust,0.045,2,0.09,2 - À planifier,"[502, 443, 573, 582]"
250-1_DJI_0290.jpg,vari-grip,rust,0.045,2,0.09,2 - À planifier,"[1678, 479, 1766, 663]"
245-1_DJI_0680.jpg,polymer-insulator-upper-shackle,rust,0.045,2,0.09,2 - À planifier,"[640, 461, 948, 1078]"
245-1_DJI_0683.jpg,polymer-insulator-upper-shackle,rust,0.046,2,0.09,2 - À planifier,"[800, 1, 1116, 346]"
302-1_DJI_0380.jpg,glass-insulator,missing-cap,0.029,3,0.09,2 - À planifier,"[57, 0, 1915, 1077]"
302-1_DJI_0403.jpg,glass-insulator,missing-cap,0.03,3,0.09,2 - À planifier,"[8, 49, 1916, 1080]"
302-1_DJI_0430.jpg,glass-insulator,missing-cap,0.029,3,0.09,2 - À planifier,"[572, 200, 1119, 1079]"
304-2_DJI_0063.jpg,glass-insulator,missing-cap,0.029,3,0.09,2 - À planifier,"[504, 151, 830, 480]"
293-2_DJI_0474.jpg,glass-insulator,missing-cap,0.031,3,0.09,2 - À planifier,"[781, 822, 1168, 1080]"
293-2_DJI_0490.jpg,vari-grip,bird-nest,0.029,3,0.09,2 - À planifier,"[1103, 135, 1437, 1023]"
296-2_DJI_0045.jpg,glass-insulator,missing-cap,0.029,3,0.09,2 - À planifier,"[813, 590, 1243, 1079]"
292-1_DJI_0089.jpg,glass-insulator,missing-cap,0.029,3,0.09,2 - À planifier,"[0, 215, 902, 745]"
292-1_DJI_0140.jpg,glass-insulator,missing-cap,0.029,3,0.09,2 - À planifier,"[1291, 838, 1564, 1076]"
280-1_DJI_0475.jpg,glass-insulator,missing-cap,0.028,3,0.08,2 - À planifier,"[871, 803, 1216, 1079]"
277-2_DJI_0249.jpg,glass-insulator,missing-cap,0.027,3,0.08,2 - À planifier,"[1, 104, 1915, 863]"
263-1_DJI_0757.jpg,polymer-insulator-upper-shackle,rust,0.038,2,0.08,2 - À planifier,"[763, 147, 1109, 1080]"
256-1_DJI_0173.jpg,polymer-insulator-upper-shackle,rust,0.039,2,0.08,2 - À planifier,"[604, 223, 918, 1078]"
256-1_DJI_0184.jpg,vari-grip,rust,0.038,2,0.08,2 - À planifier,"[1817, 239, 1920, 532]"
242-2_DJI_0316.jpg,polymer-insulator-upper-shackle,rust,0.042,2,0.08,2 - À planifier,"[984, 0, 1447, 612]"
309-1_DJI_0007.jpg,polymer-insulator-upper-shackle,rust,0.042,2,0.08,2 - À planifier,"[774, 259, 938, 1012]"
302-1_DJI_0356.jpg,glass-insulator,missing-cap,0.026,3,0.08,2 - À planifier,"[568, 0, 1920, 1080]"
302-1_DJI_0407.jpg,glass-insulator,missing-cap,0.025,3,0.08,2 - À planifier,"[0, 466, 685, 1080]"
302-1_DJI_0413.jpg,glass-insulator,missing-cap,0.025,3,0.08,2 - À planifier,"[1046, 0, 1473, 1079]"
302-1_DJI_0422.jpg,glass-insulator,missing-cap,0.027,3,0.08,2 - À planifier,"[799, 139, 1339, 1080]"
304-2_DJI_0024.jpg,vari-grip,rust,0.041,2,0.08,2 - À planifier,"[524, 236, 705, 671]"
298-1_DJI_0523.jpg,glass-insulator,missing-cap,0.025,3,0.08,2 - À planifier,"[800, 2, 953, 130]"
293-2_DJI_0495.jpg,polymer-insulator-upper-shackle,rust,0.038,2,0.08,2 - À planifier,"[819, 0, 1046, 527]"
293-2_DJI_0508.jpg,glass-insulator,missing-cap,0.027,3,0.08,2 - À planifier,"[898, 2, 1125, 193]"
294-1_DJI_0390.jpg,glass-insulator,missing-cap,0.028,3,0.08,2 - À planifier,"[820, 0, 1361, 1076]"
277-2_DJI_0271.jpg,glass-insulator,missing-cap,0.023,3,0.07,2 - À planifier,"[802, 531, 1918, 877]"
278-2_DJI_0152.jpg,glass-insulator,missing-cap,0.023,3,0.07,2 - À planifier,"[816, 608, 1059, 1078]"
278-2_DJI_0154.jpg,vari-grip,rust,0.033,2,0.07,2 - À planifier,"[0, 0, 77, 277]"
272-1_DJI_0892.jpg,glass-insulator,missing-cap,0.024,3,0.07,2 - À planifier,"[821, 757, 1209, 1080]"
250-1_DJI_0290.jpg,vari-grip,rust,0.034,2,0.07,2 - À planifier,"[373, 438, 469, 583]"
306-2_DJI_0376.jpg,vari-grip,bird-nest,0.022,3,0.07,2 - À planifier,"[1107, 180, 1397, 872]"
302-1_DJI_0431.jpg,glass-insulator,missing-cap,0.025,3,0.07,2 - À planifier,"[522, 0, 1145, 1075]"
297-1_DJI_0361.jpg,glass-insulator,missing-cap,0.024,3,0.07,2 - À planifier,"[631, 549, 1094, 1077]"
293-2_DJI_0506.jpg,glass-insulator,missing-cap,0.024,3,0.07,2 - À planifier,"[593, 3, 1101, 610]"
293-2_DJI_0509.jpg,glass-insulator,missing-cap,0.023,3,0.07,2 - À planifier,"[659, 3, 1149, 426]"
294-1_DJI_0394.jpg,glass-insulator,missing-cap,0.025,3,0.07,2 - À planifier,"[843, 0, 985, 165]"
289-2_DJI_0439.jpg,vari-grip,rust,0.036,2,0.07,2 - À planifier,"[645, 169, 978, 901]"
289-2_DJI_0451.jpg,glass-insulator,missing-cap,0.023,3,0.07,2 - À planifier,"[566, 2, 1543, 413]"
292-1_DJI_0083.jpg,glass-insulator,missing-cap,0.022,3,0.07,2 - À planifier,"[1140, 307, 1920, 891]"
292-1_DJI_0087.jpg,glass-insulator,missing-cap,0.024,3,0.07,2 - À planifier,"[2, 226, 1551, 881]"
276-1_DJI_0513.jpg,glass-insulator,missing-cap,0.02,3,0.06,2 - À planifier,"[795, 2, 928, 89]"
277-2_DJI_0300.jpg,glass-insulator,missing-cap,0.021,3,0.06,2 - À planifier,"[83, 165, 1918, 839]"
277-2_DJI_0332.jpg,glass-insulator,missing-cap,0.02,3,0.06,2 - À planifier,"[0, 612, 672, 1075]"
271-1_DJI_1000 (21).jpg,glass-insulator,missing-cap,0.021,3,0.06,2 - À planifier,"[971, 0, 1332, 410]"
271-2_DJI_0966.jpg,polymer-insulator-upper-shackle,rust,0.031,2,0.06,2 - À planifier,"[633, 354, 1111, 1080]"
268-1_DJI_0297.jpg,glass-insulator,missing-cap,0.02,3,0.06,2 - À planifier,"[569, 1, 1126, 1009]"
250-1_DJI_0300.jpg,polymer-insulator-upper-shackle,rust,0.031,2,0.06,2 - À planifier,"[646, 300, 1259, 1080]"
242-2_DJI_0334.jpg,vari-grip,rust,0.029,2,0.06,2 - À planifier,"[1047, 183, 1394, 987]"
302-1_DJI_0401.jpg,glass-insulator,missing-cap,0.019,3,0.06,2 - À planifier,"[206, 0, 1919, 968]"
302-1_DJI_0409.jpg,glass-insulator,missing-cap,0.02,3,0.06,2 - À planifier,"[1498, 59, 1920, 334]"
298-1_DJI_0527.jpg,vari-grip,bird-nest,0.02,3,0.06,2 - À planifier,"[483, 214, 893, 859]"
289-2_DJI_0459.jpg,polymer-insulator-upper-shackle,rust,0.029,2,0.06,2 - À planifier,"[787, 310, 1322, 1080]"
292-1_DJI_0086.jpg,glass-insulator,missing-cap,0.021,3,0.06,2 - À planifier,"[165, 260, 1920, 866]"
292-1_DJI_0122.jpg,glass-insulator,missing-cap,0.02,3,0.06,2 - À planifier,"[192, 24, 1786, 1031]"
292-1_DJI_0135.jpg,glass-insulator,missing-cap,0.019,3,0.06,2 - À planifier,"[1186, 2, 1916, 277]"
292-1_DJI_0145.jpg,glass-insulator,missing-cap,0.021,3,0.06,2 - À planifier,"[1085, 0, 1415, 1076]"
280-1_DJI_0493.jpg,vari-grip,bird-nest,0.016,3,0.05,2 - À planifier,"[1156, 421, 1376, 907]"
282-1_DJI_0240.jpg,vari-grip,rust,0.026,2,0.05,2 - À planifier,"[992, 322, 1283, 968]"
282-1_DJI_0241.jpg,vari-grip,rust,0.023,2,0.05,2 - À planifier,"[425, 203, 707, 821]"
248-1_DJI_0160.jpg,polymer-insulator-upper-shackle,rust,0.027,2,0.05,2 - À planifier,"[888, 242, 1179, 1078]"
238-2_DJI_0320.jpg,vari-grip,rust,0.027,2,0.05,2 - À planifier,"[505, 128, 795, 733]"
272-2_DJI_0851.jpg,vari-grip,rust,0.021,2,0.04,2 - À planifier,"[667, 251, 936, 938]"
240-2_DJI_0035.jpg,vari-grip,rust,0.018,2,0.04,2 - À planifier,"[542, 3, 804, 579]"
305-2_DJI_0502.jpg,vari-grip,bird-nest,0.013,3,0.04,2 - À planifier,"[1079, 153, 1304, 736]"
304-1_DJI_0089.jpg,vari-grip,rust,0.018,2,0.04,2 - À planifier,"[549, 393, 754, 834]"
304-2_DJI_0022.jpg,vari-grip,rust,0.022,2,0.04,2 - À planifier,"[897, 304, 1128, 865]"
298-1_DJI_0529.jpg,vari-grip,bird-nest,0.014,3,0.04,2 - À planifier,"[568, 155, 774, 650]"
284-1_DJI_0512.jpg,vari-grip,bird-nest,0.011,3,0.03,2 - À planifier,"[498, 252, 921, 797]"
274-2_DJI_0659.jpg,vari-grip,bird-nest,0.009,3,0.03,2 - À planifier,"[566, 315, 965, 822]"
245-1_DJI_0708.jpg,vari-grip,rust,0.016,2,0.03,2 - À planifier,"[680, 106, 962, 716]"
305-2_DJI_0504.jpg,vari-grip,rust,0.013,2,0.03,2 - À planifier,"[539, 84, 766, 565]"
298-1_DJI_0528.jpg,vari-grip,bird-nest,0.01,3,0.03,2 - À planifier,"[499, 145, 915, 801]"
284-1_DJI_0512.jpg,vari-grip,rust,0.011,2,0.02,2 - À planifier,"[1077, 254, 1329, 800]"
272-1_DJI_0908.jpg,vari-grip,rust,0.008,2,0.02,2 - À planifier,"[12, 262, 196, 510]"
259-2_DJI_0274.jpg,vari-grip,rust,0.009,2,0.02,2 - À planifier,"[1831, 451, 1920, 740]"
250-1_DJI_0288.jpg,vari-grip,rust,0.009,2,0.02,2 - À planifier,"[1424, 173, 1727, 832]"
248-1_DJI_0147.jpg,vari-grip,rust,0.011,2,0.02,2 - À planifier,"[376, 217, 697, 980]"
304-2_DJI_0024.jpg,vari-grip,rust,0.011,2,0.02,2 - À planifier,"[814, 231, 1162, 673]"
296-2_DJI_0022.jpg,vari-grip,rust,0.011,2,0.02,2 - À planifier,"[915, 48, 1121, 639]"
245-1_DJI_0707.jpg,vari-grip,rust,0.005,2,0.01,2 - À planifier,"[951, 159, 1286, 997]"
245-2_DJI_0626.jpg,vari-grip,rust,0.007,2,0.01,2 - À planifier,"[663, 101, 976, 800]"
