photo,equipement,defaut_probable,p_defaut,gravite,score,priorite,boite,structure,numero
280-1_DJI_0492.jpg,vari-grip,bird-nest,1.0,3,3.0,1 - URGENT,"[917, 282, 1371, 954]",280-1,1
280-1_DJI_0492.jpg,vari-grip,bird-nest,1.0,3,3.0,1 - URGENT,"[460, 262, 751, 902]",280-1,2
277-2_DJI_0354.jpg,glass-insulator,missing-cap,0.999,3,3.0,1 - URGENT,"[104, 1, 1765, 1073]",277-2,3
277-2_DJI_0360.jpg,glass-insulator,missing-cap,0.999,3,3.0,1 - URGENT,"[0, 228, 906, 580]",277-2,4
277-2_DJI_0361.jpg,glass-insulator,missing-cap,1.0,3,3.0,1 - URGENT,"[4, 200, 1169, 666]",277-2,5
277-2_DJI_0367.jpg,glass-insulator,missing-cap,0.999,3,3.0,1 - URGENT,"[1470, 636, 1920, 940]",277-2,6
267-2_DJI_0379.jpg,glass-insulator,missing-cap,1.0,3,3.0,1 - URGENT,"[4, 353, 1237, 1080]",267-2,7
277-2_DJI_0360.jpg,glass-insulator,missing-cap,0.996,3,2.99,1 - URGENT,"[1, 308, 908, 664]",277-2,8
277-2_DJI_0364.jpg,glass-insulator,missing-cap,0.996,3,2.99,1 - URGENT,"[641, 215, 1916, 681]",277-2,9
277-2_DJI_0365.jpg,glass-insulator,missing-cap,0.997,3,2.99,1 - URGENT,"[1055, 274, 1920, 673]",277-2,10
302-1_DJI_0449.jpg,glass-insulator,missing-cap,0.996,3,2.99,1 - URGENT,"[898, 0, 1617, 1080]",302-1,11
302-1_DJI_0450.jpg,glass-insulator,missing-cap,0.997,3,2.99,1 - URGENT,"[869, 379, 1918, 1078]",302-1,12
293-2_DJI_0491.jpg,vari-grip,bird-nest,0.998,3,2.99,1 - URGENT,"[625, 78, 927, 708]",293-2,13
297-1_DJI_0357.jpg,vari-grip,bird-nest,0.992,3,2.98,1 - URGENT,"[418, 45, 872, 736]",297-1,14
277-2_DJI_0353.jpg,glass-insulator,missing-cap,0.991,3,2.97,1 - URGENT,"[373, 0, 1372, 640]",277-2,15
277-2_DJI_0355.jpg,glass-insulator,missing-cap,0.988,3,2.97,1 - URGENT,"[147, 219, 1013, 1076]",277-2,16
302-1_DJI_0457.jpg,glass-insulator,missing-cap,0.988,3,2.97,1 - URGENT,"[360, 245, 713, 1079]",302-1,17
277-2_DJI_0362.jpg,glass-insulator,missing-cap,0.983,3,2.95,1 - URGENT,"[433, 213, 1859, 733]",277-2,18
302-1_DJI_0416.jpg,glass-insulator,missing-cap,0.985,3,2.95,1 - URGENT,"[530, 98, 942, 1079]",302-1,19
302-1_DJI_0448.jpg,glass-insulator,missing-cap,0.982,3,2.95,1 - URGENT,"[923, 0, 1575, 1073]",302-1,20
302-1_DJI_0449.jpg,glass-insulator,missing-cap,0.985,3,2.95,1 - URGENT,"[897, 13, 1917, 1080]",302-1,21
302-1_DJI_0457.jpg,glass-insulator,missing-cap,0.984,3,2.95,1 - URGENT,"[835, 286, 1165, 1080]",302-1,22
302-1_DJI_0448.jpg,glass-insulator,missing-cap,0.98,3,2.94,1 - URGENT,"[928, 0, 1916, 1072]",302-1,23
277-2_DJI_0356.jpg,glass-insulator,missing-cap,0.975,3,2.92,1 - URGENT,"[636, 254, 1712, 1078]",277-2,24
256-1_DJI_0172.jpg,polymer-insulator-upper-shackle,rust,0.181,2,0.36,2 - À planifier,"[452, 293, 969, 1080]",256-1,25
302-1_DJI_0448.jpg,glass-insulator,missing-cap,0.109,3,0.33,2 - À planifier,"[0, 255, 515, 686]",302-1,26
288-1_DJI_0079.jpg,vari-grip,bird-nest,0.03,3,0.09,2 - À planifier,"[557, 374, 979, 921]",288-1,27
302-1_DJI_0446.jpg,glass-insulator,missing-cap,0.336,3,1.01,2 - À planifier,"[427, 3, 807, 1079]",302-1,28
256-1_DJI_0184.jpg,vari-grip,rust,0.038,2,0.08,2 - À planifier,"[1817, 239, 1920, 532]",256-1,29
260-1_DJI_0210.jpg,polymer-insulator-upper-shackle,rust,0.169,2,0.34,2 - À planifier,"[550, 253, 1124, 1079]",260-1,30
276-1_DJI_0518.jpg,vari-grip,rust,0.7,2,1.4,2 - À planifier,"[0, 0, 29, 137]",276-1,31
293-2_DJI_0534.jpg,glass-insulator,missing-cap,0.061,3,0.18,2 - À planifier,"[835, 2, 973, 156]",293-2,32
267-2_DJI_0377.jpg,glass-insulator,missing-cap,0.263,3,0.79,2 - À planifier,"[693, 345, 1915, 771]",267-2,33
292-1_DJI_0107.jpg,glass-insulator,missing-cap,0.047,3,0.14,2 - À planifier,"[244, 428, 1466, 738]",292-1,34
246-1_DJI_0549.jpg,polymer-insulator-upper-shackle,rust,0.295,2,0.59,2 - À planifier,"[188, 0, 993, 709]",246-1,35
292-1_DJI_0143.jpg,glass-insulator,missing-cap,0.39,3,1.17,2 - À planifier,"[0, 282, 576, 520]",292-1,36
